NO,TICKER,NAMA PERUSAHAAN,2021,,,,,,,2022,,,,,,,2023,,,,,,,2024,,,,,,
,,,Working Cap,Retained Earning,EBIT,Market Value of Equity,Book value of total liabilities,Jumlah Saham Beredar,Sales,Working Cap,Retained Earning,EBIT,Market Value of Equity,Book value of total liabilities,Jumlah Saham Beredar,Sales,Working Cap,Retained Earning,EBIT,Market Value of Equity,Book value of total liabilities,Jumlah Saham Beredar,Sales,Working Cap,Retained Earning,EBIT,Market Value of Equity,Book value of total liabilities,Jumlah Saham Beredar,Sales
1,AALI,Astra Agro Lestari Tbk.,  0.05 ,"  16,003,068,000,000 ","  2,913,169,000,000 ","  18,284,539,163,500 ","  9,228,733,000,000.00 ","  1,924,688,333 ","  24,322,048,000,000.00 ",  0.18 ,"  16,920,288,000,000 ","  2,429,178,000,000 ","  15,445,623,872,325.00 ","  7,006,119,000,000.00 ","  1,924,688,333 ","  21,828,591,000,000 ",  0.11 ,"  17,219,242,000,000.00 ","  1,498,402,000,000.00 ","  13,520,935,539,325.00 ","  6,280,237,000,000.00 ","  1,924,688,333.00 ","  20,745,473,000,000.00 ",  0.18 ,"  17,834,023,000,000.00 ","  1,707,128,000,000.00 ","  11,933,067,664,600.00 ","  5,591,163,000,000.00 ","  1,924,688,333.00 ","  21,815,035,000,000.00 "
2,ADES,Akasha Wira International Tbk.,  0.31 ,"  360,611,000,000 ","  328,221,000,000 ","  1,940,760,472,000 ","  334,291,000,000.00 ","  589,896,800 ","  935,075,000,000.00 ",  0.34 ,"  725,583,000,000 ","  452,537,000,000 ","  4,232,509,540,000.00 ","  310,746,000,000.00 ","  589,896,800 ","  1,290,992,000,000 ",  0.45 ,"  1,121,381,000,000 ","  484,693,000,000 ","  5,707,251,540,000 ","  355,374,000,000.00 ","  589,896,800 ","  1,525,445,000,000 ",  0.43 ,"  1,648,749,000,000 ","  629,638,000,000 ","  5,368,060,880,000 ","  438,373,000,000.00 ","  589,896,800 ","  1,956,431,000,000 "
3,AISA,FKS Food Sejahtera Tbk.,- 0.16 ,"  14,867,000,000.00 ","  50,067,000,000.00 ","  1,787,865,600,000.00 ","  927,877,000,000.00 ","  9,311,800,000.00 ","  1,520,879,000,000.00 ",- 0.15 ,"- 3,009,932,000,000.00 ","- 27,512,000,000.00 ","  1,331,587,400,000.00 ","  1,048,489,000,000.00 ","  9,311,800,000.00 ","  1,843,760,000,000.00 ",- 0.09 ,"- 2,960,347,000,000.00 ","  76,483,000,000.00 ","  1,340,899,200,000.00 ","  881,806,000,000.00 ","  9,311,800,000.00 ","  1,704,013,000,000.00 ",  0.02 ,"- 2,974,005,000,000.00 ","  134,239,000,000.00 ","  977,739,000,000.00 ","  918,034,000,000.00 ","  9,311,800,000.00 ","  1,920,620,000,000.00 "
4,AMRT,Sumber Alfaria Trijaya Tbk.,- 0.08 ,"  5,139,316,000,000.00 ","  2,783,812,000,000.00 ","  50,452,269,565,500.00 ","  17,942,427,000,000.00 ","  41,524,501,700.00 ","  84,904,301,000,000.00 ",- 0.06 ,"  8,754,466,000,000.00 ","  3,770,188,000,000.00 ","  110,039,929,505,000.00 ","  19,275,574,000,000.00 ","  41,524,501,700.00 ","  96,924,686,000,000.00 ",  0.00 ,"  11,159,043,000,000.00 ","  4,429,298,000,000.00 ","  121,666,789,981,000.00 ","  18,540,983,000,000.00 ","  41,524,501,700.00 ","  106,944,683,000,000.00 ",  0.02 ,"  13,116,220,000,000.00 ","  4,078,527,000,000.00 ","  118,344,829,845,000.00 ","  21,102,439,000,000.00 ","  41,524,501,700.00 ","  118,227,031,000,000.00 "
5,ANJT,"Austindo Nusantara Jaya Tbk.      Rate 2021 IDR -> USD 0.000070
Rate 2022 IDR -> USD 0.000064      Rate 2023 IDR -> USD 0.000065            Rate 2024 IDR -> USD 0.000062 ",  0.05 ,"  4,726,427,400,000.00 ","  848,967,271,428.57 ","  3,320,633,250,000.00 ","  3,434,092,242,857.14 ","  3,354,175,000.00 ","  3,819,770,328,571.43 ",  0.03 ,"  5,428,367,203,125.00 ","  613,706,921,875.00 ","  2,230,526,375,000.00 ","  3,427,720,265,625.00 ","  3,354,175,000.00 ","  4,205,730,015,625.00 ",- 0.01 ,"  3,863,153,784,615.39 ","  74,373,430,769.23 ","  2,498,860,375,000.00 ","  81,773,461,538.46 ","  3,354,175,000.00 ","  153,981,630,769.23 ",  0.02 ,"  4,165,464,741,935.48 ","  148,008,306,451.61 ","  2,398,235,125,000.00 ","  13,456,516,129.03 ","  3,354,175,000.00 ","  227,728,983,870.97 "
6,BISI,BISI International Tbk.,  0.68 ,"  2,322,693,000,000.00 ","  460,176,000,000.00 ","  2,985,000,000,000.00 ","  404,157,000,000.00 ","  3,000,000,000.00 ","  2,015,138,000,000.00 ",  0.70 ,"  2,644,832,000,000.00 ","  616,250,000,000.00 ","  4,800,000,000,000.00 ","  360,231,000,000.00 ","  3,000,000,000.00 ","  2,415,592,000,000.00 ",  0.65 ,"  3,041,166,000,000.00 ","  692,341,000,000.00 ","  4,800,000,000,000.00 ","  455,124,000,000.00 ","  3,000,000,000.00 ","  2,298,131,000,000.00 ",  0.65 ,"  2,983,141,000,000.00 ","  206,301,000,000.00 ","  3,600,000,000,000.00 ","  244,074,000,000.00 ","  3,000,000,000.00 ","  1,367,926,000,000.00 "
7,BUDI,Budi Starch & Sweetener Tbk.,  0.06 ,"  481,545,000,000.00 ","  172,335,000,000.00 ","  805,320,527,798.00 ","  1,605,521,000,000.00 ","  4,498,997,362.00 ","  2,611,642,000,000.00 ",  0.07 ,"  509,411,000,000.00 ","  169,326,000,000.00 ","  1,016,773,403,812.00 ","  1,649,593,000,000.00 ","  4,498,997,362.00 ","  2,451,872,000,000.00 ",  0.14 ,"  569,607,000,000.00 ","  241,959,000,000.00 ","  1,250,721,266,636.00 ","  1,736,519,000,000.00 ","  4,498,997,362.00 ","  3,944,953,000,000.00 ",  0.18 ,"  590,532,000,000.00 ","  217,085,000,000.00 ","  1,016,773,403,812.00 ","  2,197,787,000,000.00 ","  4,498,997,362.00 ","  4,009,264,000,000.00 "
8,BWPT,Eagle High Plantations Tbk.,#DIV/0!,,,"2,303,055,246,800",,"  31,525,291,000.00 ",,-0.12,"-4,506,908,000,000","466,681,000,000","2,022,953,933,000","10,173,925,000,000","  31,525,291,000.00 ","4,574,124,000,000",- 0.22 ,"-4,329,883,000,000","  703,466,000,000.00 ","1,680,607,882,800","  7,991,960,000,000.00 ","  31,525,291,000.00 ","  4,204,612,000,000.00 ",- 0.16 ,"-4,069,673,000,000","  926,507,000,000.00 ","1,836,219,723,800","  7,342,291,000,000.00 ","  31,525,291,000.00 ","  4,302,676,000,000.00 "
9,CEKA,Wilmar Cahaya Indonesia Tbk.,  0.63 ,"  9,530,025,067.00 ","  227,163,546,573.00 ","  1,118,600,000,000.00 ","  310,020,233,374.00 ","  595,000,000.00 ","  5,359,440,530,374.00 ",  0.72 ,"  10,266,510,067.00 ","  282,224,281,647.00 ","  1,178,100,000,000.00 ","  168,244,583,827.00 ","  595,000,000.00 ","  6,143,759,424,928.00 ",  0.72 ,"  10,830,126,567.00 ","  187,029,688,072.00 ","  1,097,775,000,000.00 ","  251,275,135,465.00 ","  595,000,000.00 ","  6,377,428,624,946.00 ",  0.69 ,"  11,421,496,567.00 ","  390,983,822,768.00 ","  1,237,600,000,000.00 ","  476,490,666,860.00 ","  595,000,000.00 ","  8,002,904,770,455.00 "
10,CPIN,Charoen Pokphand Indonesia Tbk,  0.22 ,"  24,996,417,000,000.00 ","  4,934,364,000,000.00 ","  97,568,100,000,000.00 ","  10,296,052,000,000.00 ","  16,398,000,000.00 ","  51,698,249,000,000.00 ",  0.20 ,"  26,169,602,000,000.00 ","  3,984,400,000,000.00 ","  92,648,700,000,000.00 ","  13,520,331,000,000.00 ","  16,398,000,000.00 ","  56,867,544,000,000.00 ",  0.18 ,"  26,873,626,000,000.00 ","  3,654,606,000,000.00 ","  82,399,950,000,000.00 ","  13,942,042,000,000.00 ","  16,398,000,000.00 ","  61,615,850,000,000.00 ",  0.30 ,"  30,135,088,000,000.00 ","  5,987,419,000,000.00 ","  78,054,480,000,000.00 ","  12,502,078,000,000.00 ","  16,398,000,000.00 ","  67,477,992,000,000.00 "
11,CPRO,Central Proteina Prima Tbk.,- 0.04 ,"- 4,130,091,000,000.00 ","  817,975,000,000.00 ","  5,659,376,364,765.00 ","  3,570,697,000,000.00 ","  59,572,382,787.00 ","  8,028,078,000,000.00 ",  0.03 ,"- 3,748,272,000,000.00 ","  805,564,000,000.00 ","  3,157,336,287,711.00 ","  3,651,905,000,000.00 ","  59,572,382,787.00 ","  8,242,343,000,000.00 ",  0.02 ,"- 3,332,047,000,000.00 ","  714,222,000,000.00 ","  3,038,191,522,137.00 ","  3,436,635,000,000.00 ","  59,572,382,787.00 ","  9,027,276,000,000.00 ",  0.01 ,"- 3,000,774,999,900.00 ","  656,524,000,000.00 ","  2,978,619,139,350.00 ","  3,137,670,000,000.00 ","  59,572,382,787.00 ","  9,280,242,000,000.00 "
12,DLTA,Delta Djakarta Tbk.,  0.71 ,"  971,735,552,000.00 ","  240,865,871,000.00 ","  2,994,464,847,000.00 ","  298,548,048,000.00 ","  800,659,050.00 ","  681,205,785,000.00 ",  0.70 ,"  962,481,254,000.00 ","  294,211,660,000.00 ","  3,066,524,161,500.00 ","  306,410,502,000.00 ","  800,659,050.00 ","  778,744,315,000.00 ",  0.70 ,"  895,601,896,000.00 ","  251,130,452,000.00 ","  2,826,326,446,500.00 ","  273,635,750,000.00 ","  800,659,050.00 ","  736,838,613,000.00 ",  0.67 ,"  810,999,126,000.00 ","  181,357,141,000.00 ","  1,721,416,957,500.00 ","  268,273,068,000.00 ","  800,659,050.00 ","  646,763,576,000.00 "
13,DSFI,Dharma Samudera Fishing Indust,#DIV/0!,,,"176,427,872,500",,"1,857,135,500",,#DIV/0!,,,"168,999,330,500",,"1,857,135,500",,#DIV/0!,,,"126,285,214,000",,"1,857,135,500",,#DIV/0!,,,"105,856,723,500",,"1,857,135,500",
14,DSNG,Dharma Satya Nusantara Tbk.,  0.03 ,"  3,974,755,000,000.00 ","  1,392,616,000,000.00 ","  5,279,921,200,000.00 ","  6,686,697,000,000.00 ","  10,559,842,400.00 ","  7,124,495,000,000.00 ",  0.01 ,"  5,006,009,000,000.00 ","  2,172,475,000,000.00 ","  6,335,905,440,000.00 ","  7,197,089,000,000.00 ","  10,559,842,400.00 ","  9,633,671,000,000.00 ",  0.00 ,"  5,562,053,000,000.00 ","  1,555,713,000,000.00 ","  5,860,712,532,000.00 ","  7,288,850,000,000.00 ","  10,559,842,400.00 ","  9,498,749,000,000.00 ",  0.02 ,"  6,497,295,000,000.00 ","  2,123,670,000,000.00 ","  10,031,850,280,000.00 ","  7,515,101,000,000.00 ","  10,559,842,400.00 ","  10,119,220,000,000.00 "
15,EPMT,Enseval Putera Megatrading Tbk,0.55,"6,364,821,405,069","1,087,158,303,990","7,313,328,000,000","2,882,998,501,598","2,708,640,000","25,673,756,765,637",0.54,"6,648,604,216,038","1,101,878,260,531","7,448,760,000,000","3,264,730,959,090","2,708,640,000","28,027,488,218,598",0.52,"6,773,356,250,405","903,121,461,840","7,015,377,600,000","3,658,018,645,691","2,708,640,000","28,507,872,779,591",0.51,"7,058,610,939,365","973,358,807,964","6,581,995,200,000","3,909,755,238,452","2,708,640,000","30,957,341,452,181"
16,FISH,FKS Multi Agro Tbk.,0.17,"140,284,516","41,033,452","36,720,000,000,000","382,956,761","4,800,000,000","1,356,597,129",0.23,"163,517,312","50,694,507","32,400,000,000,000","294,069,760","4,800,000,000","1,565,130,699",0.19,"172,739,152","43,637,020","26,520,000,000,000","312,181,076","4,800,000,000","1,401,034,930",0.17,"171,939,555","24,456,123","51,120,000,000,000","347,204,245","4,800,000,000","1,292,650,185"
17,GGRM,Gudang Garam Tbk.,#DIV/0!,,,"58,877,092,800,000",,"1,924,088,000",,0.30,"56,673,532,000,000","3,908,926,000,000","34,633,584,000,000","30,706,651,000,000","1,924,088,000","124,682,692,000,000",0.27,"59,680,407,000,000","7,439,598,000,000","39,107,088,600,000","31,587,980,000,000","1,924,088,000","118,952,997,000,000",0.32,"60,734,156,000,000","1,903,460,000,000","25,542,268,200,000","23,022,685,000,000","1,924,088,000","98,655,483,000,000"
18,GZCO,Gozco Plantations Tbk.,#DIV/0!,,,"398,796,609,000",,"5,779,661,000",,0.00,"-1,169,606,000,000","136,889,000,000","468,152,541,000","892,864,000,000","5,779,661,000","554,721,000,000",0.11,"-1,169,285,000,000","44,427,000,000","693,559,320,000","949,928,000,000","5,779,661,000","744,266,000,000",-0.10,"-1,107,731,000,000","115,522,000,000","653,101,693,000","1,089,263,000,000","5,779,661,000","804,647,000,000"
19,HERO,DFI Retail Nusantara Tbk.,#DIV/0!,,,"7,697,886,560,000",,"4,183,634,000",,-0.13,"-2,301,104,000,000","-2,331,000,000","6,275,451,000,000","5,972,429,000,000","4,183,634,000","4,436,667,000,000",-0.31,"-2,432,528,000,000","-84,393,000,000","3,702,516,090,000","4,346,104,000,000","4,183,634,000","4,387,448,000,000",-0.31,"-2,352,657,000,000","96,761,000,000","2,363,753,210,000","3,226,546,000,000","4,183,634,000","4,543,989,000,000"
20,HMSP,H.M. Sampoerna Tbk.,#DIV/0!,,,"112,246,944,208,500",,"116,318,076,900",,0.31,"6,370,419,000,000","8,295,105,000,000","97,707,184,596,000","26,616,824,000,000","116,318,076,900","111,211,321,000,000",0.30,"8,071,928,000,000","10,335,945,000,000","104,104,678,825,500","25,446,411,000,000","116,318,076,900","115,983,384,000,000",0.27,"6,543,087,000,000","8,713,117,000,000","73,861,978,831,500","25,934,279,000,000","116,318,076,900","117,880,017,000,000"
21,ICBP,Indofood CBP Sukses Makmur Tbk,#DIV/0!,,,"101,458,599,600,000",,"11,661,908,000",,0.18,"29,282,631,000,000","9,674,042,000,000","116,619,080,000,000","57,832,529,000,000","11,661,908,000","64,797,516,000,000",0.22,"34,046,051,000,000","13,469,406,000,000","123,324,677,100,000","57,163,043,000,000","11,661,908,000","67,909,901,000,000",0.27,"38,890,520,000,000","13,641,685,000,000","132,654,203,500,000","58,997,020,000,000","11,661,908,000","72,597,188,000,000"
22,INDF,Indofood Sukses Makmur Tbk.,#DIV/0!,,,"55,536,197,612,500",,"8,780,426,500",,0.13,"41,168,161,000,000","15,524,858,000,000","59,048,368,212,500","86,810,262,000,000","8,780,426,500","110,830,272,000,000",0.16,"47,029,083,000,000","19,140,009,000,000","56,633,750,925,000","86,123,066,000,000","8,780,426,500","111,703,611,000,000",0.21,"53,396,455,000,000","20,866,631,000,000","67,609,284,050,000","92,722,030,000,000","8,780,426,500","115,786,525,000,000"
23,JAWA,Jaya Agra Wattie Tbk.,#DIV/0!,,,"4,382,896,997,340",,"16,232,951,842",,-0.11,"-1,341,979,294,646","-51,888,583,742","1,704,459,943,410","3,471,237,598,677","16,232,951,842","971,541,518,082",-0.09,"-1,644,457,745,904","-54,739,219,293","2,921,931,331,560","2,674,644,786,344","16,232,951,842","896,151,775,102",-0.00,"-1,837,500,699,063","-9,344,344,955","1,785,624,702,620","2,501,593,394,303","16,232,951,842","1,070,773,284,944"
24,JPFA,Japfa Comfeed Indonesia Tbk.,#DIV/0!,,,"14,991,657,429,720",,"8,716,079,901",,0.23,"9,880,493,000,000","2,632,011,000,000","11,287,323,471,795","19,036,110,000,000","8,716,079,901","48,972,085,000,000",0.19,"10,165,559,000,000","2,160,623,000,000","10,284,974,283,180","19,942,219,000,000","8,716,079,901","51,175,898,000,000",0.23,"12,377,416,000,000","5,065,071,000,000","16,909,195,007,940","18,093,761,000,000","8,716,079,901","55,800,849,000,000"
25,LAPD,Leyand International Tbk.,#DIV/0!,,,"198,317,506,950",,"3,966,350,139",,-231.71,"-445,604,072,929","233,113,930,682","198,317,506,950","15,489,942,797","3,966,350,139",0,0.01,"-446,907,649,945","-1,728,997,998","23,798,100,834","159,928,064,075","3,966,350,139","173,840,919,543",-0.04,"-449,837,937,344","-25,550,978,115","71,394,302,502","196,705,082,827","3,966,350,139","223,452,157,674"
26,LSIP,PP London Sumatra Indonesia Tb,#DIV/0!,,,"8,081,657,298,525",,"6,819,963,965",,0.35,"9,116,053,000,000","1,284,201,000,000","6,922,263,424,475","1,481,306,000,000","6,819,963,965","4,585,348,000,000",0.38,"9,524,141,000,000","911,992,000,000","6,069,767,928,850","1,166,762,000,000","6,819,963,965","4,189,896,000,000",0.47,"10,729,706,000,000","1,773,706,000,000","6,649,464,865,875","1,285,202,000,000","6,819,963,965","4,562,503,000,000"
27,MAIN,Malindo Feedmill Tbk.,#DIV/0!,,,"3,401,508,687,500",,"2,230,497,500",,0.07,"1,250,298,681,000","191,747,506,000","1,092,943,775,000","3,671,859,617,000","2,230,497,500","11,101,647,275,000",0.08,"1,315,651,784,000","279,311,170,000","1,148,706,212,500","3,377,015,031,000","2,230,497,500","12,058,023,085,000",0.21,"1,805,554,470,000","773,980,197,000","1,706,330,587,500","2,747,743,014,000","2,230,497,500","12,502,826,561,000"
28,MBTO,Martina Berto Tbk.,#DIV/0!,,,"156,220,000,000",,"1,070,000,000",,#DIV/0!,,,"135,890,000,000",,"1,070,000,000",,#DIV/0!,,,"107,000,000,000",,"1,070,000,000",,#DIV/0!,,,"95,230,000,000",,"1,070,000,000",
29,MIDI,Midi Utama Indonesia Tbk.,#DIV/0!,,,"7,004,064,695,876",,"33,435,294,800",,-0.13,"1,580,347,000,000","630,502,000,000","9,412,701,784,036","4,918,421,000,000","33,435,294,800","15,623,654,000,000",-0.02,"1,976,099,000,000","737,097,000,000","14,377,176,764,000","3,873,675,000,000","33,435,294,800","17,351,152,000,000",-0.03,"2,366,032,000,000","723,161,000,000","14,377,176,764,000","4,441,894,000,000","33,435,294,800","19,888,091,000,000"
30,MLBI,Multi Bintang Indonesia Tbk.,#DIV/0!,,,"16,434,600,000,000",,"2,107,000,000",,-0.15,"1,049,739,000,000","1,268,446,000,000","18,857,650,000,000","2,301,227,000,000","2,107,000,000","3,114,907,000,000",-0.04,"1,367,757,000,000","1,424,558,000,000","16,329,250,000,000","2,015,987,000,000","2,107,000,000","3,322,282,000,000",-0.06,"1,275,522,000,000","1,476,104,000,000","12,852,700,000,000","2,124,203,000,000","2,107,000,000","3,383,969,000,000"
31,MLPL,Multipolar Tbk.,#DIV/0!,,,"173,138,540,000",,"467,942,000",,0.01,"1,122,237,000,000","418,659,000,000","52,409,504,000","8,488,639,000,000","467,942,000","10,917,615,000,000",0.00,"1,357,684,000,000","484,280,000,000","34,159,766,000","8,390,166,000,000","467,942,000","10,962,823,000,000",0.00,"1,497,019,000,000","634,261,000,000","44,454,490,000","8,267,273,000,000","467,942,000","11,394,504,000,000"
32,MRAT,Mustika Ratu Tbk.,0.42,"192,998,505,131","15,767,771,246","118,128,000,000","235,065,047,091","428,000,000","326,794,571,097",0.50,"260,831,516,181","61,170,413,206","327,420,000,000","283,395,035,571","428,000,000","285,177,566,612",0.54,"246,691,116,803","671,108,627","158,360,000,000","232,316,210,715","428,000,000","300,596,022,300",0.41,"241,568,578,030","14,929,263,413","130,968,000,000","244,780,362,194","428,000,000","333,562,949,947"
33,MYOR,Mayora Indah Tbk.,  0.37 ,"  10,683,916,958,291.00 ","  1,772,315,914,155.00 ","  45,611,747,439,000.00 ","  8,557,621,869,393.00 ","  22,358,699,725.00 ","  27,904,558,322,183.00 ",  0.41 ,"  12,187,012,917,053.00 ","  2,433,114,641,701.00 ","  23,603,666,512,240,000.00 ","  9,441,466,604,896.00 ","  22,358,699,725.00 ","  30,669,405,967,404.00 ",  0.26 ,"  14,605,037,812,134.00 ","  4,299,475,347,200.00 ","  55,673,162,315,250.00 ","  8,588,315,775,736.00 ","  22,358,699,725.00 ","  31,485,008,185,525.00 ",  0.41 ,"  16,383,892,792,792.00 ","  3,915,364,772,118.00 ","  62,157,185,235,500.00 ","  12,626,353,599,187.00 ","  22,358,699,725.00 ","  36,072,949,285,930.00 "
34,PSDN,Prasidha Aneka Niaga Tbk,#DIV/0!,,,"220,320,000,000",,"  1,440,000,000.00 ",,#DIV/0!,,,"119,520,000,000",,"  1,440,000,000.00 ",,#DIV/0!,,,"129,600,000,000",,"  1,440,000,000.00 ",,#DIV/0!,,,"108,000,000,000",,"  1,440,000,000.00 ",
35,RANC,Supra Boga Lestari Tbk.,#DIV/0!,,,"2,816,077,500,000",,"1,564,487,500",,#DIV/0!,,,"1,275,057,312,500",,"1,564,487,500",,#DIV/0!,,,"1,048,206,625,000",,"1,564,487,500",,#DIV/0!,,,"735,309,125,000",,"1,564,487,500",
36,ROTI,Nippon Indosari Corpindo Tbk.,#DIV/0!,,,"7,646,294,663,680",,"5,622,275,488",,0.16,"1,698,537,203,130","623,239,351,423","7,421,403,644,160","1,449,163,077,319","5,622,275,488","3,935,182,048,668",0.13,"1,408,800,907,546","488,859,656,276","6,465,616,811,200","1,550,086,849,761","5,622,275,488","3,820,532,634,926",0.12,"1,329,667,659,858","531,831,052,967","5,453,607,223,360","1,438,191,795,263","5,622,275,488","3,932,169,542,456"
37,SDPC,Millennium Pharmacon Internati,#DIV/0!,,,"173,264,000,000",,"1,274,000,000",,0.10,"123,148,954,423","74,946,147,442","422,968,000,000","1,142,594,625,772","1,274,000,000","3,200,833,096,416",0.10,"151,351,458,151","105,537,296,171","201,292,000,000","1,361,968,904,232","1,274,000,000","3,363,517,807,834",0.08,"161,382,497,408","96,492,714,770","168,168,000,000","1,489,359,909,392","1,274,000,000","3,916,863,878,530"
38,SGRO,Prime Agri Resources Tbk.,#DIV/0!,,,"3,628,150,890,000",,"1,818,622,000",,0.04,"3,865,536,000,000","1,612,794,000,000","3,819,106,200,000","5,013,127,000,000","1,818,622,000","5,671,723,000,000",0.03,"3,995,093,000,000","936,608,000,000","3,655,430,220,000","4,555,126,000,000","1,818,622,000","5,620,503,000,000",0.04,"4,529,148,000,000","1,450,436,000,000","3,891,851,080,000","4,492,331,000,000","1,818,622,000","5,536,975,000,000"
39,SIMP,Salim Ivomas Pratama Tbk.,#DIV/0!,,,"7,068,597,360,000",,"15,501,310,000",,0.03,"11,575,536,000,000","3,007,814,000,000","6,417,542,340,000","14,945,799,000,000","15,501,310,000","17,794,246,000,000",0.01,"12,075,071,000,000","2,099,229,000,000","5,828,492,560,000","13,291,426,000,000","15,501,310,000","16,002,643,000,000",0.12,"13,457,619,000,000","3,541,406,000,000","5,859,495,180,000","13,260,394,000,000","15,501,310,000","15,967,804,000,000"
40,SIPD,Sreeya Sewu Indonesia Tbk.,#DIV/0!,,,"14,620,000,000",,"7,310,000",,-0.09,"-694,966,000,000","-136,959,000,000","10,416,750,000","2,300,107,000,000","7,310,000","6,047,203,000,000",0.05,"-712,583,000,000","27,654,000,000","9,868,500,000","2,088,422,000,000","7,310,000","6,091,342,000,000",0.01,"-709,258,000,000","84,168,000,000","6,030,750,000","1,915,653,000,000","7,310,000","5,360,755,000,000"
41,SKBM,Sekar Bumi Tbk.,#DIV/0!,,,"622,837,158,120",,"1,730,103,217",,0.19,"341,007,957,874","157,658,543,259","653,979,016,026","968,233,866,594","1,730,103,217","3,802,296,289,773",0.21,"331,450,310,066","58,338,871,684","543,252,410,138","772,343,255,862","1,730,103,217","2,839,561,359,367",0.17,"260,240,374,546","-61,248,464,760","785,466,860,518","852,908,675,358","1,730,103,217","2,269,370,863,582"
42,SKLT,Sekar Laut Tbk.,#DIV/0!,,,"1,509,183,728,800",,"6,236,296,400",,0.20,"289,975,539,708","99,726,749,593","1,216,077,798,000","442,535,947,408","6,236,296,400","1,539,310,803,104",0.30,"357,778,213,425","107,993,834,165","1,758,635,584,800","465,795,522,143","6,236,296,400","1,794,345,306,509",0.24,"444,448,714,667","161,288,787,317","1,241,022,983,600","607,398,668,005","6,236,296,400","2,293,274,190,663"
43,SMAR,Sinar Mas Agro Resources and T,#DIV/0!,,,"12,522,763,075,760",,"2,872,193,366",,0.27,"16,341,045,000,000","8,121,485,000,000","14,217,357,161,700","23,353,011,000,000","2,872,193,366","75,045,559,000,000",0.22,"16,198,132,000,000","2,358,078,000,000","11,488,773,464,000","20,644,500,000,000","2,872,193,366","66,530,549,000,000",0.24,"16,928,467,000,000","2,762,492,000,000","10,483,505,785,900","25,450,074,000,000","2,872,193,366","78,835,443,000,000"
44,SSMS,Sawit Sumbermas Sarana Tbk.,#DIV/0!,,,"9,191,625,000,000",,"9,525,000,000",,0.04,"3,616,933,978,000","2,556,053,492,000","14,001,750,000,000","9,092,405,909,000","9,525,000,000","11,240,219,016,000",0.02,"1,979,428,701,000","1,194,405,271,000","9,953,625,000,000","9,947,700,957,000","9,525,000,000","10,703,411,845,000",0.04,"2,280,648,313,000","1,797,095,367,000","12,382,500,000,000","8,986,349,964,000","9,525,000,000","10,366,799,435,000"
45,STTP,Siantar Top Tbk.,#DIV/0!,,,"9,890,500,000,000",,"1,310,000,000",,0.45,"3,606,039,292,165","756,754,646,979","10,021,500,000,000","662,339,075,974","1,310,000,000","4,931,553,771,470",0.55,"4,523,729,195,906","1,102,648,640,241","12,281,250,000,000","634,723,259,687","1,310,000,000","4,767,207,433,046",0.63,"5,833,728,608,282","1,509,020,956,462","17,848,750,000,000","616,035,183,328","1,310,000,000","4,959,939,533,239"
46,TBLA,Tunas Baru Lampung Tbk.,#DIV/0!,,,"4,710,962,561,609",,"6,004,151,372",,0.08,"5,369,202,000,000","2,167,548,000,000","4,118,388,661,403","16,841,410,000,000","6,004,151,372","16,579,960,000,000",0.13,"5,878,604,000,000","1,976,562,000,000","4,172,885,203,540","17,680,467,000,000","6,004,151,372","15,317,617,000,000",0.11,"6,122,678,000,000","2,102,478,000,000","3,692,553,093,780","19,315,115,000,000","6,004,151,372","17,410,560,000,000"
47,TCID,Mandom Indonesia Tbk.,#DIV/0!,,,"1,075,706,668,450",,"402,133,334",,0.58,"1,545,671,693,111","28,208,348,917","1,266,720,002,100","525,870,003,344","402,133,334","2,044,821,803,111",0.60,"1,576,733,760,866","44,679,576,185","1,097,824,001,820","505,779,174,136","402,133,334","2,050,460,062,443",0.53,"1,474,928,935,928","-159,463,526,986","872,629,334,780","553,955,057,903","402,133,334","1,859,368,093,471"
48,TGKA,Tigaraksa Satria Tbk.,#DIV/0!,,,"6,429,449,250,000",,"918,492,750",,0.46,"1,919,342,000,000","609,638,000,000","6,521,298,525,000","2,133,663,000,000","918,492,750","12,977,529,000,000",0.41,"2,038,514,000,000","594,566,000,000","5,924,278,237,500","2,365,654,000,000","918,492,750","14,210,135,000,000",0.43,"2,168,300,000,000","511,022,000,000","5,510,956,500,000","2,357,124,000,000","918,492,750","13,363,660,000,000"
49,ULTJ,Ultrajaya Milk Industry & Trad,#DIV/0!,,,"16,325,135,064,000",,"10,398,175,200",,0.43,"6,853,367,000,000","1,408,387,000,000","15,337,308,420,000","1,553,696,000,000","10,398,175,200","7,656,252,000,000",0.49,"5,927,160,000,000","1,554,133,000,000","16,637,080,320,000","836,988,000,000","10,398,175,200","8,302,741,000,000",0.47,"6,647,891,000,000","1,507,090,000,000","18,768,706,236,000","1,034,447,000,000","10,398,175,200","8,874,202,000,000"
50,UNVR,Unilever Indonesia Tbk.,#DIV/0!,,,"156,102,868,863,000",,"37,981,233,300",,-0.27,"3,809,696,000,000","7,079,014,000,000","178,511,796,510,000","14,320,858,000,000","37,981,233,300","41,218,881,000,000",-0.30,"3,193,678,000,000","6,307,846,000,000","134,073,753,549,000","13,282,848,000,000","37,981,233,300","38,611,401,000,000",-0.41,"1,961,707,000,000","3,823,418,000,000","71,594,624,770,500","13,896,928,000,000","37,981,233,300","30,622,614,000,000"
51,WAPO,Wahana Pronatural Tbk.,#DIV/0!,,,"229,570,775,535",,"1,240,923,111",,#DIV/0!,,,"310,230,777,750",,"1,240,923,111",,#DIV/0!,,,"112,924,003,101",,"1,240,923,111",,#DIV/0!,,,"168,765,543,096",,"1,240,923,111",
52,WIIM,Wismilak Inti Makmur Tbk.,#DIV/0!,,,"888,430,998,080",,"2,075,773,360",,0.56,"989,955,379,124","320,588,178,894","1,307,737,216,800","667,866,337,031","2,075,773,360","3,704,350,294,106",0.58,"1,322,583,803,587","635,753,124,776","3,684,497,714,000","728,434,659,389","2,075,773,360","4,874,784,628,824",0.48,"1,391,458,685,876","387,067,681,487","1,453,041,352,000","1,110,516,776,947","2,075,773,360","4,750,889,829,726"
53,DAYA,Duta Intidaya Tbk.,#DIV/0!,,,"735,846,295,600",,"2,420,547,025",,-0.25,"-266,606,371,000","-16,994,428,000","513,155,969,300","653,464,291,000","2,420,547,025","1,161,587,724,000",-0.23,"-283,037,139,000","6,108,655,000","697,117,543,200","672,135,240,000","2,420,547,025","1,546,000,252,000",-0.19,"-237,569,048,000","83,223,596,000","1,815,410,268,750","912,026,108,000","2,420,547,025","2,061,051,886,000"
54,DPUM,Dua Putra Utama Makmur Tbk.,#DIV/0!,,,"208,227,000,000",,"4,164,540,000",,0.13,"-556,442,244,721","-48,046,486,328","208,227,000,000","778,536,207,332","4,164,540,000","723,804,994,492",0.16,"-698,740,751,885","-87,035,578,529","154,087,980,000","769,712,292,179","4,164,540,000","920,006,985,203",0.21,"-735,793,553,676","11,625,645,786","266,530,560,000","794,158,844,802","4,164,540,000","1,098,223,293,439"
55,KINO,Kino Indonesia Tbk.,#DIV/0!,,,"2,799,002,367,000",,"1,378,818,900",,-0.05,"179,331,856,511","-746,358,478,269","2,116,487,011,500","3,142,551,744,669","1,378,818,900","3,631,451,490,321",-0.08,"320,589,006,573","282,277,232,190","1,744,205,908,500","3,027,648,359,660","1,378,818,900","4,136,181,747,640",-0.14,"397,535,137,594","250,945,844,291","1,654,582,680,000","2,851,025,198,999","1,378,818,900","4,367,489,499,567"
56,CLEO,Sariguna Primatirta Tbk.,#DIV/0!,,,"5,640,000,000,000",,"24,000,000,000",,0.03,"686,666,568,960","265,815,716,753","6,660,000,000,000","581,132,890,435","24,000,000,000","1,674,053,536,287",0.04,"972,765,098,175","433,002,389,825","8,520,000,000,000","781,642,680,910","24,000,000,000","2,090,115,884,030",0.03,"1,378,000,404,651","635,171,947,615","18,900,000,000,000","733,610,559,278","24,000,000,000","2,696,813,747,786"
57,HOKI,Buyung Poetra Sembada Tbk.,#DIV/0!,,,"1,751,673,235,080",,"9,677,752,680",,0.33,"265,931,060,025","21,875,976,950","996,808,526,040","142,744,113,133","9,677,752,680","925,708,985,640",0.26,"254,731,759,666","13,897,273,768","1,674,251,213,640","384,617,373,377","9,677,752,680","1,284,510,497,729",0.26,"243,921,559,198","23,222,329,051","1,093,586,052,840","476,342,774,032","9,677,752,680","1,298,675,060,004"
58,CAMP,Campina Ice Cream Industry Tbk,#DIV/0!,,,"1,706,650,000,000",,"5,885,000,000",,0.65,"124,910,952,844","158,256,367,163","1,800,810,000,000","133,323,429,397","5,885,000,000","1,129,360,552,136",0.39,"127,426,464,539","150,104,973,066","2,365,770,000,000","136,086,922,155","5,885,000,000","1,135,790,489,555",0.35,"97,110,136,525","119,104,833,912","1,506,560,000,000","148,194,431,953","5,885,000,000","1,158,489,850,210"
59,MGRO,Mahkota Group Tbk.,0.01,"133,705,410,906","175,410,483,631","2,996,496,330,000","1,110,402,314,328","3,525,289,800","7,313,139,597,522",0.03,"87,923,841,753","88,981,718,478","2,978,869,881,000","1,916,291,204,140","3,525,289,800","7,505,700,941,167",-0.10,"-64,309,673,303","-46,306,859,369","2,485,329,309,000","2,159,141,552,883","3,525,289,800","5,425,478,049,944",-0.08,"-85,160,621,155","81,547,267,329","2,450,076,411,000","2,568,914,561,062","3,525,289,800","4,685,748,870,926"
60,GOOD,Garudafood Putra Putri Jaya Tb,#DIV/0!,,,"19,360,740,448,875",,"36,877,600,855",,0.19,"1,614,260,960,871","830,934,107,818","19,360,740,448,875","3,975,927,432,106","36,877,600,855","10,510,942,813,705",0.20,"1,970,611,813,166","948,920,548,404","15,857,368,367,650","3,518,496,516,469","36,877,600,855","10,543,572,559,649",0.12,"2,260,166,116,850","1,042,079,454,073","15,193,571,552,260","4,425,889,971,924","36,877,600,855","12,235,369,422,252"
61,BEEF,Estika Tata Tiara Tbk.,#DIV/0!,,,"534,384,251,379",,"8,120,249,598",,-0.42,"-548,933,944,039","-120,691,824,856","464,070,511,267","881,306,165,566","8,120,249,598","39,116,821,863",-0.28,"-492,177,767,764","69,254,831,674","1,743,780,110,454","549,791,851,137","8,120,249,598","611,771,423,767",0.00,"-388,981,105,673","176,323,793,741","1,063,537,102,332","1,932,991,565,333","8,120,249,598","4,930,799,547,693"
62,COCO,Wahana Interfood Nusantara Tbk,#DIV/0!,,,"1,025,123,306,112",,"3,559,455,924",,#DIV/0!,,,"953,934,187,632",,"3,559,455,924",,#DIV/0!,,,"622,904,786,700",,"3,559,455,924",,#DIV/0!,,,"291,875,385,768",,"3,559,455,924",
63,ITIC,Indonesian Tobacco Tbk.,#DIV/0!,,,"257,757,280,000",,"940,720,000",,#DIV/0!,,,"246,468,640,000",,"940,720,000",,#DIV/0!,,,"282,216,000,000",,"940,720,000",,#DIV/0!,,,"233,298,560,000",,"940,720,000",
64,KEJU,Mulia Boga Raya Tbk.,#DIV/0!,,,"1,777,499,999,684",,"5,624,999,999",,0.57,"400,145,879,422","151,258,845,585","2,145,000,056,839","156,594,539,652","5,624,999,999","1,044,368,857,579",0.57,"367,988,294,679","104,039,135,409","1,732,499,999,692","157,605,395,595","5,624,999,999","1,019,669,802,028",0.46,"435,368,831,943","186,235,224,083","4,556,249,999,190","234,190,127,915","5,624,999,999","1,264,335,961,440"
65,PSGO,Palma Serasih Tbk.,#DIV/0!,,,"4,071,600,000,000",,"18,850,000,000",,0.16,"-180,195,903,737","467,232,475,909","2,752,100,000,000","2,454,764,947,737","18,850,000,000","1,972,824,875,264",0.29,"369,048,313,279","803,047,902,881","2,507,050,000,000","1,944,063,067,826","18,850,000,000","2,049,487,832,334",0.26,"474,645,685,897","540,170,407,602","3,562,650,000,000","1,509,614,343,486","18,850,000,000","2,127,994,680,911"
66,AGAR,Asia Sejahtera Mina Tbk.,#DIV/0!,,,"368,000,000,000",,"1,000,000,000",,#DIV/0!,,,"278,000,000,000",,"1,000,000,000",,#DIV/0!,,,"106,000,000,000",,"1,000,000,000",,#DIV/0!,,,"226,000,000,000",,"1,000,000,000",
67,UCID,Uni-Charm Indonesia Tbk.,#DIV/0!,,,"6,027,029,835,000",,"4,156,572,300",,0.35,"3,624,824,000,000","454,574,000,000","4,551,446,668,500","3,218,785,000,000","4,156,572,300","10,317,193,000,000",0.36,"4,024,763,000,000","594,560,000,000","4,156,572,300,000","2,924,204,000,000","4,156,572,300","10,245,160,000,000",0.37,"4,311,465,000,000","479,464,000,000","3,158,994,948,000","2,791,175,000,000","4,156,572,300","9,675,468,000,000"
68,CSRA,Cisadane Sawit Raya Tbk.,#DIV/0!,,,"1,025,000,000,000",,"2,050,000,000",,#DIV/0!,,,"1,168,500,000,000",,"2,050,000,000",,#DIV/0!,,,"967,600,000,000",,"2,050,000,000",,#DIV/0!,,"342,210,785,803","1,486,250,000,000",,"2,050,000,000","1,066,759,270,113"
69,DMND,Diamond Food Indonesia Tbk.,#DIV/0!,,,"8,284,814,125,000",,"9,468,359,000",,0.43,"3,113,523,000,000","504,196,000,000","7,716,712,585,000","1,467,035,000,000","9,468,359,000","8,461,768,000,000",0.42,"3,348,952,000,000","429,127,000,000","7,716,712,585,000","1,335,148,000,000","9,468,359,000","9,239,926,000,000",0.41,"3,658,086,000,000","467,715,000,000","7,574,687,200,000","1,249,645,000,000","9,468,359,000","9,811,549,000,000"
70,IKAN,Era Mandiri Cemerlang Tbk.,#DIV/0!,,,"79,166,635,000",,"833,333,000",,#DIV/0!,,,"49,166,647,000",,"833,333,000",,#DIV/0!,,,"41,666,650,000",,"833,333,000",,#DIV/0!,,,"19,999,992,000",,"833,333,000",
71,PGUN,Pradiksi Gunatama Tbk.,#DIV/0!,,,"2,226,285,366,216",,"5,737,848,882",,0.04,"-122,940,927,208","251,478,514,803","4,618,968,350,010","918,351,509,165","5,737,848,882","1,007,305,060,864",0.05,"46,028,539,243","189,807,846,637","2,386,945,134,912","965,401,621,500","5,737,848,882","868,456,776,538",0.06,"174,452,283,389","145,659,269,977","2,432,847,925,968","846,246,848,867","5,737,848,882","738,565,449,724"
72,PNGO,Pinago Utama Tbk.,#DIV/0!,,,"1,214,843,750,000",,"781,250,000",,0.10,"605,038,256,645","278,070,978,044","1,093,750,000,000","842,074,572,429","781,250,000","2,034,457,645,981",0.05,"685,513,920,052","291,446,025,348","1,093,750,000,000","692,307,357,059","781,250,000","2,037,284,494,747",0.01,"853,985,717,302","330,414,974,809","1,257,812,500,000","797,870,353,932","781,250,000","2,042,868,724,833"
73,KMDS,Kurniamitra Duta Sentosa Tbk.,#DIV/0!,,,"347,200,000,000",,"800,000,000",,#DIV/0!,,,"460,000,000,000",,"800,000,000",,#DIV/0!,,,"339,200,000,000",,"800,000,000",,#DIV/0!,,,"468,000,000,000",,"800,000,000",
74,ENZO,Morenzo Abadi Perkasa Tbk.,#DIV/0!,,,"108,127,356,100",,"2,162,547,122",,#DIV/0!,,,"142,728,110,052",,"2,162,547,122",,#DIV/0!,,,"108,127,356,100",,"2,162,547,122",,#DIV/0!,,,"75,689,149,270",,"2,162,547,122",
75,VICI,Victoria Care Indonesia Tbk.,0.40,"356,406,604,642","240,188,606,261","3,454,620,000,000","247,640,173,947","6,708,000,000","1,153,102,243,817",0.33,"387,089,658,330","147,723,788,385","3,421,080,000,000","349,890,773,766","6,708,000,000","1,045,720,530,167",0.38,"502,172,824,292","249,350,503,611","4,360,200,000,000","229,498,076,801","6,708,000,000","1,362,119,699,094",0.39,"604,684,454,800","234,776,581,167","4,393,740,000,000","261,064,980,740","6,708,000,000","1,404,132,465,162"
76,WMUU,Widodo Makmur Unggas Tbk.,#DIV/0!,,,"1,980,000,004,500",,"12,941,176,500",,-0.12,"288,147,602,111","68,688,850,636","1,100,000,002,500","1,512,868,131,940","12,941,176,500","2,457,607,034,533",-0.07,"68,140,137,579","-159,314,811,774","647,058,825,000","1,491,459,810,622","12,941,176,500","336,684,940,840",-0.12,"-52,390,216,200","-94,991,166,146","129,411,765,000","1,535,072,479,477","12,941,176,500","378,126,622,942"
77,TAPG,Triputra Agro Persada Tbk.,#DIV/0!,,,"12,110,049,400,000",,"19,852,540,000",,0.11,"4,898,154,000,000","3,800,614,000,000","12,606,362,900,000","4,113,380,000,000","19,852,540,000","9,345,641,000,000",0.04,"5,751,974,000,000","2,059,009,000,000","10,819,634,300,000","2,527,847,000,000","19,852,540,000","8,325,887,000,000",0.06,"5,556,876,000,000","4,002,347,000,000","15,187,193,100,000","3,030,836,000,000","19,852,540,000","9,671,463,000,000"
78,OILS,Indo Oil Perkasa Tbk.,#DIV/0!,,,"154,379,231,420",,"454,056,563",,#DIV/0!,,,"96,259,991,356",,"454,056,563",,#DIV/0!,,,"60,389,522,879",,"454,056,563",,#DIV/0!,,,"42,681,316,922",,"454,056,563",
79,BOBA,Formosa Ingredient Factory Tbk,#DIV/0!,,,"265,822,500,000",,"1,155,750,000",,#DIV/0!,,,"212,658,000,000",,"1,155,750,000",,#DIV/0!,,,"195,321,750,000",,"1,155,750,000",,#DIV/0!,,,"202,256,250,000",,"1,155,750,000",
80,CMRY,Cisarua Mountain Dairy Tbk.,#DIV/0!,,,"26,977,922,200,000",,"7,934,683,000",,0.50,"1,435,506,000,000","1,348,453,000,000","33,722,402,750,000","964,919,000,000","7,934,683,000","6,378,348,000,000",0.49,"2,118,469,000,000","1,567,192,000,000","31,818,078,830,000","1,105,529,000,000","7,934,683,000","7,772,910,000,000",0.37,"2,929,240,000,000","1,904,899,000,000","42,847,288,200,000","1,439,423,000,000","7,934,683,000","9,025,658,000,000"
81,TAYS,Jaya Swarasa Agung Tbk.,#DIV/0!,,,"195,607,760,000",,"1,098,920,000",,#DIV/0!,,,"512,096,720,000",,"1,098,920,000",,#DIV/0!,,,"112,089,840,000",,"1,098,920,000",,#DIV/0!,,,"54,946,000,000",,"1,098,920,000",
82,NASI,Wahana Inti Makmur Tbk.,#DIV/0!,,,"180,857,600,000",,"807,400,000",,#DIV/0!,,,"81,547,400,000",,"807,400,000",,#DIV/0!,,,"62,169,800,000",,"807,400,000",,#DIV/0!,,,"62,977,200,000",,"807,400,000",
83,FAPA,FAP Agri Tbk.,#DIV/0!,,,"11,186,817,258,000",,"3,484,989,800",,-0.03,"-433,969,868,365","1,162,889,605,060","14,985,456,140,000","4,724,996,943,546","3,484,989,800","4,828,633,601,246",-0.09,"-280,398,905,485","472,189,838,933","18,470,445,940,000","4,570,386,466,869","3,484,989,800","5,062,243,740,223",-0.07,"262,074,494,532","1,012,605,211,536","18,818,944,920,000","4,963,948,948,140","3,484,989,800","5,742,983,944,479"
