No,TICKER,NAMA PERUSAHAAN,2021,,,,,,,,2022,,,,,,,,2023,,,,,,,,2024,,,,,,,
,,,,,,,,,,,,,,,,,,,,,,,,,,,,,,,,,,
,,,Total Aset,Total Liabilitas,Total Net Income,Total Operating Cash Flow,Total Current Assets,Total Current Liabilities,Amortisasi,Total Depresiasi,Total Aset,Total Liabilitas,Total Net Income,Total Operating Cash Flow,Total Current Assets,Total Current Liabilities,Amortisasi,Total Depresiasi,Total Aset,Total Liabilitas,Total Net Income,Total Operating Cash Flow,Total Current Assets,Total Current Liabilities,Amortisasi,Total Depresiasi,Total Aset,Total Liabilitas,Total Net Income,Total Operating Cash Flow,Total Current Assets,Total Current Liabilities,Amortisasi,Total Depresiasi
1,AALI,Astra Agro Lestari Tbk.,"  30,399,906,000,000 ","  9,228,733,000,000 ","  2,067,362,000,000 ","  4,895,119,000,000 ","  7,390,608,000,000 ","  5,960,396,000,000 ",,"  1,271,208,000,000 ","  29,249,340,000,000 ","  7,006,119,000,000 ","  1,792,050,000,000 ","  1,835,397,000,000 ","  7,390,608,000,000 ","  2,052,939,000,000 ",,"  1,296,476,000,000 ","  28,846,243,000,000 ","  6,280,237,000,000 ","  1,088,170,000,000 ","  2,538,738,000,000 ","  7,118,202,000,000 ","  3,882,141,000,000 ",,"  1,363,412,000,000 ","  28,793,225,000,000 ","  5,591,163,000,000 ","  1,186,783,000,000 ","  3,379,195,000,000 ","  8,433,638,000,000 ","  3,237,653,000,000 ",,"  1,436,180,000,000 "
2,ADES,Akasha Wira International Tbk.,"  1,304,108,000,000 ","  334,291,000,000 ","  265,758,000,000 ","  308,341,000,000 ","  673,394,000,000 ","  268,367,000,000 ","  1,741,000,000 ","  38,510,000,000 ","  1,645,582,000,000 ","  310,746,000,000 ","  364,972,000,000 ","  312,748,000,000 ","  815,319,000,000 ","  254,719,000,000 ","  1,227,000,000 ","  40,598,000,000 ","  2,085,182,000,000 ","  355,374,000,000 ","  395,798,000,000 ","  459,648,000,000 ","  1,230,110,000,000 ","  298,814,000,000 ","  776,000,000 ","  44,418,000,000 ","  2,696,874,000,000 ","  438,373,000,000 ","  527,368,000,000 ","  471,800,000,000 ","  1,551,646,000,000 ","  383,789,000,000 ","  164,000,000 ","  55,939,000,000 "
3,AISA,FKS Food Sejahtera Tbk.,"  1,761,634,000,000 ","  927,877,000,000 ","  5,762,000,000 ","- 84,864,000,000 ","  432,800,000,000 ","  720,020,000,000 ",,"  58,286,000,000 ","  1,826,350,000,000 ","  1,048,489,000,000 ","- 62,359,000,000 ","- 41,789,000,000 ","  558,960,000,000 ","  827,907,000,000 ",,"  62,735,000,000 ","  1,850,004,000,000 ","  881,806,000,000 ","  18,796,000,000 ","  78,479,000,000 ","  496,669,000,000 ","  659,907,000,000 ",,"  61,076,000,000 ","  1,964,172,000,000 ","  918,034,000,000 ","  69,482,000,000 ","  271,662,000,000 ","  620,106,000,000 ","  584,216,000,000 ",,"  78,681,000,000 "
4,AMRT,Sumber Alfaria Trijaya Tbk.,"  27,370,210,000,000 ","  17,942,427,000,000 ","  1,963,050,000,000 ","  6,335,963,000,000 ","  14,211,903,000,000 ","  16,376,061,000,000 ",,"  3,140,580,000,000 ","  30,746,266,000,000 ","  19,275,574,000,000 ","  2,907,478,000,000 ","  7,062,488,000,000 ","  15,664,200,000,000 ","  17,389,232,000,000 ",,"  3,265,639,000,000 ","  34,246,183,000,000 ","  18,540,983,000,000 ","  3,484,025,000,000 ","  6,817,021,000,000 ","  17,325,874,000,000 ","  17,262,927,000,000 ",,"  3,656,876,000,000 ","  38,798,382,000,000 ","  21,102,439,000,000 ","  3,220,083,000,000 ","  8,063,130,000,000 ","  20,340,708,000,000 ","  19,468,528,000,000 ",,"  4,187,983,000,000 "
5,ANJT,"Austindo Nusantara Jaya Tbk.      Rate 2021 IDR -> USD 0.000070
Rate 2022 IDR -> USD 0.000064      Rate 2023 IDR -> USD 0.000065            Rate 2024 IDR -> USD 0.000062 ","  9,087,768,742,857 ","  3,434,092,242,857 ","  522,670,771,429 ","  1,182,860,357,143 ","  1,111,419,514,286 ","  696,831,185,714 ",,"  354,429,985,714 ","  9,415,476,156,250 ","  3,427,720,265,625 ","  330,551,375,000 ","  937,429,015,625 ","  924,186,968,750 ","  632,345,078,125 ",,"  436,230,218,750 ","  5,334,812,676,923 ","  81,773,461,538 ","  75,001,984,615 ","- 21,523,800,000 ","  37,496,276,923 ","  81,773,461,538 ",,"  425,468,230,769 ","  5,637,025,790,323 ","  13,456,516,129 ","  148,008,306,452 ","- 64,714,838,710 ","  110,288,612,903 ","  13,456,516,129 ",,"  454,542,419,355 "
6,BISI,BISI International Tbk.,"  3,132,202,000,000 ","  404,157,000,000 ","  380,992,000,000 ","  652,538,000,000 ","  2,468,374,000,000 ","  346,045,000,000 ",,"  41,858,000,000 ","  3,410,481,000,000 ","  360,231,000,000 ","  523,242,000,000 ","  668,145,000,000 ","  2,699,403,000,000 ","  306,752,000,000 ",,"  45,473,000,000 ","  3,901,820,000,000 ","  455,124,000,000 ","  600,446,000,000 ","  42,910,000,000 ","  2,945,199,000,000 ","  401,461,000,000 ",,"  49,559,000,000 ","  3,634,529,000,000 ","  244,074,000,000 ","  182,109,000,000 ","- 146,282,000,000 ","  2,572,633,000,000 ","  192,052,000,000 ",,"  57,020,000,000 "
7,BUDI,Budi Starch & Sweetener Tbk.,"  2,993,218,000,000 ","  1,605,521,000,000 ","  69,457,000,000 ","  190,973,000,000 ","  1,320,277,000,000 ","  1,131,686,000,000 ",,"  160,177,000,000 ","  3,068,423,000,000 ","  1,649,593,000,000 ","  67,125,000,000 ","  93,996,000,000 ","  1,493,669,000,000 ","  1,263,835,000,000 ",,"  150,522,000,000 ","  3,327,846,000,000 ","  1,736,519,000,000 ","  102,542,000,000 ","  190,851,000,000 ","  1,708,152,000,000 ","  1,251,674,000,000 ",,"  209,681,000,000 ","  3,817,011,000,000 ","  2,197,787,000,000 ","  67,848,000,000 ","- 257,923,000,000 ","  2,265,184,000,000 ","  1,569,209,000,000 ",,"  187,411,000,000 "
8,BWPT,Eagle High Plantations Tbk.,,,,,,,,,"12,223,568,000,000","10,173,925,000,000","17,478,000,000",,"1,883,769,000,000","3,394,292,000,000",,,"  10,183,510,000,000 ","  7,991,960,000,000 ","  159,970,000,000 ",,"  1,300,009,000,000 ","  3,513,085,000,000 ",,,"  9,794,380,000,000 ","  7,342,291,000,000 ","  272,132,000,000 ",,"  1,420,678,000,000 ","  2,945,123,000,000 ",,
9,CEKA,Wilmar Cahaya Indonesia Tbk.,"  1,697,387,196,209 ","  310,020,233,374 ","  187,066,990,085 ","- 91,481,686,113 ","  1,358,085,356,038 ","  283,104,828,760 ",,"  289,159,569,247 ","  1,718,287,453,575 ","  168,244,583,827 ","  220,704,543,072 ","  11,867,530,566 ","  1,383,998,340,429 ","  139,037,021,213 ",,"  314,218,195,070 ","  1,893,560,797,758 ","  251,275,135,465 ","  153,574,779,624 ","  542,472,806,836 ","  1,581,591,507,205 ","  217,016,302,851 ",,"  338,790,244,923 ","  2,385,281,736,023 ","  476,490,666,860 ","  324,942,516,449 ","- 18,117,428,606 ","  2,076,912,812,377 ","  437,745,255,246 ",,"  348,653,976,618 "
10,CPIN,Charoen Pokphand Indonesia Tbk,"  35,446,051,000,000 ","  10,296,052,000,000 ","  3,619,010,000,000 ","  2,121,905,000,000 ","  15,715,060,000,000 ","  7,836,101,000,000 ",,"  7,900,572,000,000 ","  39,847,545,000,000 ","  13,520,331,000,000 ","  2,930,357,000,000 ","  1,673,887,000,000 ","  18,031,436,000,000 ","  10,109,335,000,000 ",,"  8,771,626,000,000 ","  40,970,800,000,000 ","  13,942,042,000,000 ","  2,318,088,000,000 ","  3,146,254,000,000 ","  18,324,808,000,000 ","  11,123,822,000,000 ",,"  9,923,136,000,000 ","  42,791,000,000,000 ","  12,502,078,000,000 ","  3,711,601,000,000 ","  4,305,814,000,000 ","  21,339,691,000,000 ","  8,589,572,000,000 ",,"  11,235,755,000,000 "
11,CPRO,Central Proteina Prima Tbk.,"  6,444,438,000,000 ","  3,570,697,000,000 ","  2,209,313,000,000 ","  99,209,000,000 ","  1,818,753,000,000 ","  2,055,151,000,000 ",,,"  6,833,737,000,000 ","  3,651,905,000,000 ","  373,978,000,000 ","  284,210,000,000 ","  2,162,539,000,000 ","  1,981,666,000,000 ",,"  1,948,806,000,000 ","  6,856,338,000,000 ","  3,436,635,000,000 ","  401,774,000,000 ","  323,485,000,000 ","  2,374,088,000,000 ","  2,228,182,000,000 ",,"  1,763,517,000,000 ","  6,706,321,000,000 ","  3,137,670,000,000 ","  320,155,000,000 ","  765,703,000,000 ","  2,431,199,000,000 ","  2,366,954,000,000 ",,"  1,543,197,000,000 "
12,DLTA,Delta Djakarta Tbk.,"  1,308,722,065,000 ","  298,548,048,000 ","  190,439,817,000 ","  335,398,629,000 ","  1,174,393,432,000 ","  244,206,806,000 ",,"  430,426,648,000 ","  1,307,186,367,000 ","  306,410,502,000 ","  230,065,807,000 ","  196,829,126,000 ","  1,165,412,820,000 ","  255,354,186,000 ",,"  412,693,957,000 ","  1,208,050,010,000 ","  273,635,750,000 ","  199,611,841,000 ","  135,317,376,000 ","  1,060,254,527,000 ","  216,736,168,000 ",,"  428,246,934,000 ","  1,118,177,188,000 ","  268,273,068,000 ","  142,367,399,000 ","  177,516,395,000 ","  959,222,731,000 ","  206,921,572,000 ",,"  431,065,219,000 "
13,DSFI,Dharma Samudera Fishing Indust,,,,,,,,,,,,,,,,,,,,,,,,,,,,,,,,
14,DSNG,Dharma Satya Nusantara Tbk.,"  13,712,160,000,000 ","  6,686,697,000,000 ","  739,649,000,000 ","  1,055,505,000,000 ","  2,321,635,000,000 ","  1,856,163,000,000 ","  239,916,000,000 ","  372,155,000,000 ","  15,357,229,000,000 ","  7,197,089,000,000 ","  1,206,587,000,000 ","  1,538,027,000,000 ","  3,229,582,000,000 ","  3,022,162,000,000 ","  245,419,000,000 ","  490,287,000,000 ","  16,178,278,000,000 ","  7,288,850,000,000 ","  841,665,000,000 ","  1,874,372,000,000 ","  2,949,268,000,000 ","  2,945,961,000,000 ","  254,162,000,000 ","  569,294,000,000 ","  17,412,416,000,000 ","  7,515,101,000,000 ","  1,141,375,000,000 ","  2,150,615,000,000 ","  2,897,246,000,000 ","  2,530,342,000,000 ","  261,087,000,000 ","  653,032,000,000 "
15,EPMT,Enseval Putera Megatrading Tbk,"9,729,919,645,520","2,882,998,501,598","847,881,142,916",,"8,128,487,195,074","2,767,290,257,087",,,"10,402,356,853,033","3,264,730,959,090","847,532,822,398",,"8,783,144,098,407","3,157,202,842,675",,,"10,955,849,005,936","3,658,018,645,691","688,498,562,591",,"9,247,469,256,514","3,555,185,304,448",,,"11,487,396,544,564","3,909,755,238,452","741,773,914,585",,"9,610,394,546,074","3,788,901,761,787",,
16,FISH,FKS Multi Agro Tbk.,"537,640,594","382,956,761","28,894,111",,"404,552,905","311,328,821",,,"461,463,695","294,069,760","32,243,358",,"339,299,923","234,121,571",,,"490,845,435","312,181,076","24,183,057",,"357,687,676","264,713,676",,,"522,159,891","347,204,245","8,727,192",,"380,968,968","293,869,813",,
17,GGRM,Gudang Garam Tbk.,,,,,,,,,"88,562,617,000,000","30,706,651,000,000","2,779,739,000,000",,"55,445,127,000,000","29,125,010,000,000",,,"92,450,823,000,000","31,587,980,000,000","5,324,514,000,000",,"54,115,182,000,000","29,536,433,000,000",,,"84,939,276,000,000","23,022,685,000,000","980,805,000,000",,"47,590,906,000,000","20,824,215,000,000",,
18,GZCO,Gozco Plantations Tbk.,,,,,,,,,"2,045,406,000,000","892,864,000,000","75,634,000,000",,"456,869,000,000","455,883,000,000",,,"2,118,200,000,000","949,928,000,000","2,141,000,000",,"572,320,000,000","345,365,000,000",,,"2,321,244,000,000","1,089,263,000,000","60,542,000,000",,"286,221,000,000","510,870,000,000",,
19,HERO,DFI Retail Nusantara Tbk.,,,,,,,,,"6,910,567,000,000","5,972,429,000,000","59,111,000,000",,"2,859,570,000,000","3,785,951,000,000",,,"5,766,226,000,000","4,346,104,000,000","-132,165,000,000",,"1,629,628,000,000","3,395,415,000,000",,,"4,719,768,000,000","3,226,546,000,000","-5,585,000,000",,"1,482,868,000,000","2,932,632,000,000",,
20,HMSP,H.M. Sampoerna Tbk.,,,,,,,,,"54,786,992,000,000","26,616,824,000,000","6,323,744,000,000",,"41,362,998,000,000","24,545,594,000,000",,,"55,316,264,000,000","25,446,411,000,000","8,096,811,000,000",,"40,066,044,000,000","23,302,684,000,000",,,"54,290,706,000,000","25,934,279,000,000","6,645,774,000,000",,"38,517,929,000,000","23,669,887,000,000",,
21,ICBP,Indofood CBP Sukses Makmur Tbk,,,,,,,,,"115,305,536,000,000","57,832,529,000,000","4,587,367,000,000",,"31,070,365,000,000","10,033,935,000,000",,,"119,267,076,000,000","57,163,043,000,000","6,990,572,000,000",,"36,773,465,000,000","10,464,225,000,000",,,"126,040,905,000,000","58,997,020,000,000","7,079,369,000,000",,"44,667,549,000,000","10,924,773,000,000",,
22,INDF,Indofood Sukses Makmur Tbk.,,,,,,,,,"180,433,300,000,000","86,810,262,000,000","6,359,094,000,000",,"54,876,668,000,000","30,725,942,000,000",,,"186,587,957,000,000","86,123,066,000,000","8,147,019,000,000",,"63,101,797,000,000","32,914,504,000,000",,,"201,713,313,000,000","92,722,030,000,000","8,641,612,000,000",,"79,765,476,000,000","37,094,061,000,000",,
23,JAWA,Jaya Agra Wattie Tbk.,,,,,,,,,"3,589,642,467,446","3,471,237,598,677","-300,206,074,060",,"262,493,584,472","655,779,238,220",,,"3,656,226,625,457","2,674,644,786,344","-302,478,451,258",,"271,712,439,754","600,966,231,776",,,"3,867,576,733,424","2,501,593,394,303","-193,042,953,159",,"531,762,585,440","533,367,481,762",,
24,JPFA,Japfa Comfeed Indonesia Tbk.,,,,,,,,,"32,690,887,000,000","19,036,110,000,000","1,419,855,000,000",,"17,001,468,000,000","9,412,440,000,000",,,"34,109,431,000,000","19,942,219,000,000","929,716,000,000",,"17,218,323,000,000","10,684,062,000,000",,,"34,666,283,000,000","18,093,761,000,000","3,018,892,000,000",,"17,169,254,000,000","9,295,556,000,000",,
25,LAPD,Leyand International Tbk.,,,,,,,,,"64,530,833","15,489,942,797","233,113,930,682",,"36,553,333","14,989,027,796",,,"203,600,012,669","159,928,064,075","-1,303,577,016",,"104,795,422,642","102,420,188,085",,,"225,049,558,299","196,705,082,827","-13,683,761,697",,"126,900,591,847","136,807,637,322",,
26,LSIP,PP London Sumatra Indonesia Tb,,,,,,,,,"12,417,013,000,000","1,481,306,000,000","1,036,448,000,000",,"5,107,489,000,000","709,627,000,000",,,"12,514,203,000,000","1,166,762,000,000","761,995,000,000",,"5,376,837,000,000","564,496,000,000",,,"13,841,956,000,000","1,285,202,000,000","1,476,909,000,000",,"7,117,283,000,000","677,973,000,000",,
27,MAIN,Malindo Feedmill Tbk.,,,,,,,,,"5,746,998,087,000","3,671,859,617,000","26,239,995,000",,"2,952,189,309,000","2,524,889,763,000",,,"5,517,296,880,000","3,377,015,031,000","63,373,085,000",,"2,821,248,975,000","2,383,084,198,000",,,"5,380,045,840,000","2,747,743,014,000","488,029,417,000",,"2,848,076,485,000","1,725,205,580,000",,
28,MBTO,Martina Berto Tbk.,,,,,,,,,,,,,,,,,,,,,,,,,,,,,,,,
29,MIDI,Midi Utama Indonesia Tbk.,,,,,,,,,"6,905,148,000,000","4,918,421,000,000","398,918,000,000",,"2,873,858,000,000","3,766,704,000,000",,,"7,786,109,000,000","3,873,675,000,000","516,658,000,000",,"3,185,637,000,000","3,363,103,000,000",,,"8,732,951,000,000","4,441,894,000,000","546,407,000,000",,"3,626,026,000,000","3,863,774,000,000",,
30,MLBI,Multi Bintang Indonesia Tbk.,,,,,,,,,"3,374,502,000,000","2,301,227,000,000","924,767,000,000",,"1,649,257,000,000","2,154,777,000,000",,,"3,407,442,000,000","2,015,987,000,000","1,066,178,000,000",,"1,733,206,000,000","1,870,445,000,000",,,"3,441,088,000,000","2,124,203,000,000","1,141,948,000,000",,"1,803,762,000,000","1,999,641,000,000",,
31,MLPL,Multipolar Tbk.,,,,,,,,,"13,082,641,000,000","8,488,639,000,000","151,227,000,000",,"4,932,608,000,000","4,737,302,000,000",,,"13,089,217,000,000","8,390,166,000,000","172,049,000,000",,"4,859,606,000,000","4,859,364,000,000",,,"13,128,720,000,000","8,267,273,000,000","142,830,000,000",,"5,085,659,000,000","5,080,048,000,000",,
32,MRAT,Mustika Ratu Tbk.,"578,260,975,588","235,065,047,091","358,126,931",,"459,338,629,540","215,622,712,026",,,"694,780,597,799","283,395,035,571","67,833,011,050",,"586,852,139,107","236,276,099,973",,,"634,207,335,645","232,316,210,715","-14,140,399,378",,"536,240,708,878","191,132,222,451",,,"818,435,708,264","244,780,362,194","-5,122,538,773",,"527,354,772,708","192,818,326,822",,
33,MYOR,Mayora Indah Tbk.,"  19,917,653,265,528 ","  8,557,621,869,393 ","  1,211,052,647,953 ","  1,041,955,003,348 ","  12,969,783,874,643 ","  5,570,773,468,770 ",,"  844,085,689,408 ","  22,276,160,695,411 ","  9,441,466,604,896 ","  1,970,064,538,149 ","  1,619,570,638,186 ","  14,772,623,976,128 ","  5,636,627,301,308 ",,"  847,714,654,902 ","  23,870,404,962,472 ","  8,588,315,775,736 ","  3,244,872,091,221 ","  5,259,181,989,696 ","  14,738,922,387,529 ","  8,588,315,775,736 ",,"  831,008,408,714 ","  29,728,781,933,757 ","  12,626,353,599,187 ","  3,067,667,675,407 ","- 463,359,496,912 ","  19,600,914,916,989 ","  7,383,110,635,195 ",,"  967,806,352,377 "
34,PSDN,Prasidha Aneka Niaga Tbk,,,,,,,,,,,,,,,,,,,,,,,,,,,,,,,,
35,RANC,Supra Boga Lestari Tbk.,,,,,,,,,,,,,,,,,,,,,,,,,,,,,,,,
36,ROTI,Nippon Indosari Corpindo Tbk.,,,,,,,,,"4,130,321,616,083","1,449,163,077,319","432,220,344,060",,"1,285,672,230,703","612,417,576,293",,,"3,943,518,425,042","1,550,086,849,761","333,291,088,862",,"1,164,940,801,635","669,095,049,839",,,"3,746,346,988,767","1,438,191,795,263","362,565,606,268",,"1,044,136,874,729","610,720,198,188",,
37,SDPC,Millennium Pharmacon Internati,,,,,,,,,"1,401,504,764,117","1,142,594,625,772","24,464,054,875",,"1,258,958,579,876","1,113,038,489,125",,,"1,639,682,291,798","1,361,968,904,232","33,087,528,526",,"1,447,652,336,556","1,287,000,525,182",,,"1,771,856,829,401","1,489,359,909,392","16,928,878,936",,"1,563,794,217,415","1,413,417,064,887",,
38,SGRO,Prime Agri Resources Tbk.,,,,,,,,,"10,243,238,000,000","5,013,127,000,000","1,049,826,000,000",,"1,800,148,000,000","1,360,809,000,000",,,"10,067,533,000,000","4,555,126,000,000","483,712,000,000",,"1,615,746,000,000","1,309,773,000,000",,,"10,702,351,000,000","4,492,331,000,000","754,152,000,000",,"2,224,658,000,000","1,760,388,000,000",,
39,SIMP,Salim Ivomas Pratama Tbk.,,,,,,,,,"36,113,081,000,000","14,945,799,000,000","1,198,367,000,000",,"10,442,878,000,000","9,460,845,000,000",,,"35,012,351,000,000","13,291,426,000,000","736,417,000,000",,"9,896,897,000,000","9,411,112,000,000",,,"37,247,829,000,000","13,260,394,000,000","1,549,914,000,000",,"13,232,699,000,000","8,769,433,000,000",,
40,SIPD,Sreeya Sewu Indonesia Tbk.,,,,,,,,,"3,002,424,000,000","2,300,107,000,000","-218,103,000,000",,"1,897,751,000,000","2,174,878,000,000",,,"3,281,471,000,000","2,088,422,000,000","-17,315,000,000",,"2,122,106,000,000","1,949,230,000,000",,,"3,119,496,000,000","1,915,653,000,000","3,325,000,000",,"1,822,892,000,000","1,790,792,000,000",,
41,SKBM,Sekar Bumi Tbk.,,,,,,,,,"2,042,199,577,083","968,233,866,594","86,221,358,302",,"1,263,255,237,692","875,853,096,624",,,"1,839,622,473,747","772,343,255,862","1,496,164,143",,"1,073,290,266,264","685,194,518,888",,,"1,841,387,615,106","852,908,675,358","-75,222,579,818",,"1,068,708,952,564","753,716,763,605",,
42,SKLT,Sekar Laut Tbk.,,,,,,,,,"1,033,289,474,829","442,535,947,408","75,154,155,539",,"543,799,195,487","333,670,108,915",,,"1,282,739,303,035","465,795,522,143","77,849,644,887",,"736,999,330,347","349,749,364,269",,,"1,522,025,167,907","607,398,668,005","109,707,478,296",,"830,121,924,354","468,756,288,013",,
43,SMAR,Sinar Mas Agro Resources and T,,,,,,,,,"42,600,814,000,000","23,353,011,000,000","5,500,519,000,000",,"23,708,820,000,000","12,104,564,000,000",,,"39,716,363,000,000","20,644,500,000,000","917,807,000,000",,"19,141,108,000,000","10,225,382,000,000",,,"45,333,131,000,000","25,450,074,000,000","1,278,172,000,000",,"24,441,530,000,000","13,370,729,000,000",,
44,SSMS,Sawit Sumbermas Sarana Tbk.,,,,,,,,,"11,136,909,800,000","9,092,405,909,000","1,837,375,968,000",,"4,638,955,633,000","4,172,292,592,000",,,"11,943,995,440,000","9,947,700,957,000","512,255,637,000",,"5,017,475,614,000","4,785,421,159,000",,,"11,871,118,225,000","8,986,349,964,000","819,533,676,000",,"5,212,497,254,000","4,751,235,135,000",,
45,STTP,Siantar Top Tbk.,,,,,,,,,"4,590,737,849,889","662,339,075,974","624,477,421,592",,"2,575,390,271,556","530,693,880,588",,,"5,482,234,635,262","634,723,259,687","917,689,903,741",,"3,495,987,886,882","502,706,566,446",,,"6,762,107,188,564","616,035,183,328","1,314,328,079,733",,"4,771,693,419,163","501,673,607,162",,
46,TBLA,Tunas Baru Lampung Tbk.,,,,,,,,,"23,673,644,000,000","16,841,410,000,000","800,689,000,000",,"11,374,948,000,000","9,485,740,000,000",,,"25,883,325,000,000","17,680,467,000,000","611,289,000,000",,"12,184,767,000,000","8,840,697,000,000",,,"27,763,549,000,000","19,315,115,000,000","700,019,000,000",,"13,466,360,000,000","10,336,487,000,000",,
47,TCID,Mandom Indonesia Tbk.,,,,,,,,,"2,380,657,918,106","525,870,003,344","18,467,723,999",,"1,594,565,567,872","221,011,501,094",,,"2,391,566,509,438","505,779,174,136","38,116,433,207",,"1,639,341,193,231","195,898,370,114",,,"2,337,888,865,653","553,955,057,903","-124,746,678,571",,"1,594,068,604,564","358,755,200,137",,
48,TGKA,Tigaraksa Satria Tbk.,,,,,,,,,"4,178,952,000,000","2,133,663,000,000","478,138,000,000",,"3,716,527,000,000","1,806,906,000,000",,,"4,566,006,000,000","2,365,654,000,000","457,037,000,000",,"3,810,334,000,000","1,940,279,000,000",,,"4,676,250,000,000","2,357,124,000,000","412,442,000,000",,"3,886,827,000,000","1,889,201,000,000",,
49,ULTJ,Ultrajaya Milk Industry & Trad,,,,,,,,,"7,376,375,000,000","1,553,696,000,000","960,786,000,000",,"4,618,390,000,000","1,456,898,000,000",,,"7,523,956,000,000","836,988,000,000","1,169,212,000,000",,"4,411,475,000,000","713,393,000,000",,,"8,461,365,000,000","1,034,447,000,000","1,136,624,000,000",,"4,869,748,000,000","902,814,000,000",,
50,UNVR,Unilever Indonesia Tbk.,,,,,,,,,"18,318,114,000,000","14,320,858,000,000","5,364,761,000,000",,"7,567,768,000,000","12,442,223,000,000",,,"16,664,086,000,000","13,282,848,000,000","4,800,940,000,000",,"6,191,839,000,000","11,223,968,000,000",,,"16,046,195,000,000","13,896,928,000,000","3,368,693,000,000",,"5,280,548,000,000","11,830,201,000,000",,
51,WAPO,Wahana Pronatural Tbk.,,,,,,,,,,,,,,,,,,,,,,,,,,,,,,,,
52,WIIM,Wismilak Inti Makmur Tbk.,,,,,,,,,"2,168,793,843,296","667,866,337,031","249,331,695,478",,"1,876,123,954,487","661,604,830,345",,,"2,575,756,967,645","728,434,659,389","494,312,833,186",,"2,214,577,722,230","718,170,426,248",,,"3,026,895,275,668","1,110,516,776,947","298,682,227,072",,"2,471,135,164,297","1,012,974,885,010",,
53,DAYA,Duta Intidaya Tbk.,,,,,,,,,"687,503,074,000","653,464,291,000","-40,023,559,000",,"406,127,403,000","574,583,535,000",,,"689,743,255,000","672,135,240,000","-16,188,988,000",,"433,142,341,000","593,176,688,000",,,"975,102,214,000","912,026,108,000","45,674,833,000",,"597,289,520,000","778,290,717,000",,
54,DPUM,Dua Putra Utama Makmur Tbk.,,,,,,,,,"1,354,777,869,012","778,536,207,332","-45,726,829,010",,"359,860,538,712","185,703,883,035",,,"1,200,216,788,284","769,712,292,179","-142,298,507,164",,"367,731,806,829","177,688,543,811",,,"1,188,312,653,146","794,158,844,802","-37,052,801,791",,"432,597,052,882","183,566,886,291",,
55,KINO,Kino Indonesia Tbk.,,,,,,,,,"4,676,372,045,095","3,142,551,744,669","-957,025,786,473",,"1,688,505,201,652","1,935,669,493,305",,,"4,646,378,817,802","3,027,648,359,660","70,463,044,564",,"1,735,117,266,203","2,102,124,921,210",,,"4,501,385,830,768","2,851,025,198,999","86,599,307,623",,"1,627,935,460,419","2,244,858,924,455",,
56,CLEO,Sariguna Primatirta Tbk.,,,,,,,,,"1,790,304,606,780","581,132,890,435","192,467,066,577",,"293,595,993,980","246,628,098,395",,,"2,296,227,711,688","781,642,680,910","305,779,257,892",,"533,003,540,931","441,890,974,677",,,"2,663,387,006,912","733,610,559,278","465,157,220,395",,"457,203,260,191","379,826,463,148",,
57,HOKI,Buyung Poetra Sembada Tbk.,,,,,,,,,"811,603,660,216","142,744,113,133","1,797,143,563",,"389,697,575,028","119,206,775,342",,,"1,046,190,979,746","384,617,373,377","-1,465,736,323",,"637,958,259,902","364,553,821,477",,,"1,124,071,397,658","476,342,774,032","-3,000,946,555",,"730,730,404,531","432,851,967,189",,
58,CAMP,Campina Ice Cream Industry Tbk,,,,,,,,,"1,074,777,460,412","133,323,429,397","121,257,336,904",,"772,685,806,645","72,411,790,397",,,"1,088,726,193,209","136,086,922,155","127,426,464,539",,"501,886,780,991","78,024,161,155",,,"1,083,173,624,832","148,194,431,953","97,110,136,525",,"472,552,752,038","93,604,844,953",,
59,MGRO,Mahkota Group Tbk.,"1,820,202,594,748","1,110,402,314,328","78,537,148,077",,"809,016,739,979","787,148,083,629",,,"2,561,664,000,157","1,916,291,204,140","-20,104,462,276",,"1,429,234,676,110","1,359,463,510,265",,,"2,680,206,187,969","2,159,141,552,883","-152,233,515,056",,"1,425,676,108,473","1,693,114,250,515",,,"3,073,806,601,807","2,568,914,561,062","-20,850,947,852",,"1,576,711,480,334","1,811,731,208,213",,
60,GOOD,Garudafood Putra Putri Jaya Tb,,,,,,,,,"7,327,371,934,290","3,975,927,432,106","425,208,267,424",,"3,194,327,374,948","1,835,096,804,319",,,"7,427,707,902,688","3,518,496,516,469","580,412,724,554",,"3,325,304,800,609","1,872,541,607,518",,,"8,431,726,766,692","4,425,889,971,924","624,470,577,279",,"3,629,900,334,132","2,652,170,175,224",,
61,BEEF,Estika Tata Tiara Tbk.,,,,,,,,,"615,017,828,200","881,306,165,566","-93,605,399,937",,"39,055,344,194","299,265,301,028",,,"690,330,534,107","549,791,851,137","57,069,005,210",,"133,101,244,776","323,061,683,055",,,"2,194,978,339,108","1,932,991,565,333","102,995,767,911",,"1,348,023,785,723","1,341,212,254,344",,
62,COCO,Wahana Interfood Nusantara Tbk,,,,,,,,,,,,,,,,,,,,,,,,,,,,,,,,
63,ITIC,Indonesian Tobacco Tbk.,,,,,,,,,,,,,,,,,,,,,,,,,,,,,,,,
64,KEJU,Mulia Boga Raya Tbk.,,,,,,,,,"860,100,358,989","156,594,539,652","117,370,750,383",,"641,093,981,245","153,894,624,540",,,"828,378,354,007","157,605,395,595","80,342,415,257",,"626,945,337,747","155,478,057,562",,,"974,057,856,516","234,190,127,915","146,880,537,264",,"675,847,013,685","231,156,952,579",,
65,PSGO,Palma Serasih Tbk.,,,,,,,,,"4,140,857,067,187","2,454,764,947,737","257,682,090,851",,"1,304,904,227,804","650,908,995,178",,,"4,181,183,763,101","1,944,063,067,826","549,244,217,016",,"1,865,395,461,793","673,506,196,655",,,"3,950,324,909,015","1,509,614,343,486","350,647,372,618",,"1,623,238,575,978","581,639,479,501",,
66,AGAR,Asia Sejahtera Mina Tbk.,,,,,,,,,,,,,,,,,,,,,,,,,,,,,,,,
67,UCID,Uni-Charm Indonesia Tbk.,,,,,,,,,"8,382,538,000,000","3,218,785,000,000","313,459,000,000",,"5,788,393,000,000","2,844,445,000,000",,,"8,487,854,000,000","2,924,204,000,000","434,574,000,000",,"5,606,490,000,000","2,543,062,000,000",,,"8,658,345,000,000","2,791,175,000,000","350,405,000,000",,"5,732,585,000,000","2,537,447,000,000",,
68,CSRA,Cisadane Sawit Raya Tbk.,,,,,,,,,,,,,,,,,,,,,,,,,,,"214,854,888,133",,,,,
69,DMND,Diamond Food Indonesia Tbk.,,,,,,,,,"6,878,297,000,000","1,467,035,000,000","377,895,000,000",,"4,275,936,000,000","1,312,391,000,000",,,"7,166,880,000,000","1,335,148,000,000","311,183,000,000",,"4,138,435,000,000","1,163,284,000,000",,,"7,454,096,000,000","1,249,645,000,000","363,944,000,000",,"4,093,484,000,000","1,059,189,000,000",,
70,IKAN,Era Mandiri Cemerlang Tbk.,,,,,,,,,,,,,,,,,,,,,,,,,,,,,,,,
71,PGUN,Pradiksi Gunatama Tbk.,,,,,,,,,"2,347,517,612,881","918,351,509,165","172,151,655,670",,"289,998,443,433","197,371,836,873",,,"2,591,476,467,270","965,401,621,500","108,056,587,588",,"290,913,406,730","161,569,378,318",,,"2,639,198,599,962","846,246,848,867","79,181,162,728",,"367,880,500,497","211,181,140,925",,
72,PNGO,Pinago Utama Tbk.,,,,,,,,,"1,550,623,971,085","842,074,572,429","173,128,385,854",,"496,438,128,168","337,116,041,840",,,"1,489,149,097,101","692,307,357,059","191,350,331,516",,"340,964,810,671","272,538,539,776",,,"1,763,677,465,138","797,870,353,932","220,332,580,518",,"501,647,105,405","488,569,427,273",,
73,KMDS,Kurniamitra Duta Sentosa Tbk.,,,,,,,,,,,,,,,,,,,,,,,,,,,,,,,,
74,ENZO,Morenzo Abadi Perkasa Tbk.,,,,,,,,,,,,,,,,,,,,,,,,,,,,,,,,
75,VICI,Victoria Care Indonesia Tbk.,"997,797,006,411","247,640,173,947","177,275,878,389",,"560,958,529,762","161,513,519,772",,,"1,150,904,222,886","349,890,773,766","97,639,053,688",,"631,372,396,667","245,940,888,500",,,"1,148,235,338,153","229,498,076,801","178,455,165,962",,"599,955,067,504","158,968,054,256",,,"1,284,957,443,404","261,064,980,740","175,945,630,508",,"665,720,837,796","161,688,873,370",,
76,WMUU,Widodo Makmur Unggas Tbk.,,,,,,,,,"2,710,571,959,100","1,512,868,131,940","-8,957,865,054",,"405,439,463,069","718,407,710,160",,,"2,468,816,418,317","1,491,459,810,622","-220,007,464,532",,"214,781,505,991","377,212,307,664",,,"2,392,824,255,285","1,535,072,479,477","-120,530,353,779",,"148,424,606,288","425,319,156,395",,
77,TAPG,Triputra Agro Persada Tbk.,,,,,,,,,"14,526,124,000,000","4,113,380,000,000","2,981,120,000,000",,"3,679,197,000,000","2,093,814,000,000",,,"13,867,387,000,000","2,527,847,000,000","1,608,217,000,000",,"2,445,565,000,000","1,958,582,000,000",,,"14,307,265,000,000","3,030,836,000,000","3,120,276,000,000",,"3,246,648,000,000","2,362,276,000,000",,
78,OILS,Indo Oil Perkasa Tbk.,,,,,,,,,,,,,,,,,,,,,,,,,,,,,,,,
79,BOBA,Formosa Ingredient Factory Tbk,,,,,,,,,,,,,,,,,,,,,,,,,,,,,,,,
80,CMRY,Cisarua Mountain Dairy Tbk.,,,,,,,,,"6,223,251,000,000","964,919,000,000","1,060,533,000,000",,"4,025,215,000,000","915,865,000,000",,,"7,046,857,000,000","1,105,529,000,000","1,241,715,000,000",,"4,539,143,000,000","1,060,722,000,000",,,"8,191,571,000,000","1,439,423,000,000","1,519,337,000,000",,"4,394,679,000,000","1,390,297,000,000",,
81,TAYS,Jaya Swarasa Agung Tbk.,,,,,,,,,,,,,,,,,,,,,,,,,,,,,,,,
82,NASI,Wahana Inti Makmur Tbk.,,,,,,,,,,,,,,,,,,,,,,,,,,,,,,,,
83,FAPA,FAP Agri Tbk.,,,,,,,,,"8,624,008,934,687","4,724,996,943,546","709,143,944,186",,"1,808,824,969,402","2,052,811,807,452",,,"8,634,035,445,735","4,570,386,466,869","153,570,962,880",,"1,800,278,705,459","2,594,224,802,654",,,"8,816,684,323,376","4,963,948,948,140","542,473,400,017",,"1,943,127,073,316","2,572,488,067,978",,
